{"type":"minecraft:chest","pools":[{"rolls":1,"entries":[{"type":"minecraft:item","name":"minecraft:mangrove_propagule","weight":1,"functions":[{"function":"minecraft:set_count","count":1}]}]},{"rolls":1,"entries":[{"type":"minecraft:item","name":"minecraft:cod_bucket","weight":1,"functions":[{"function":"minecraft:set_count","count":1}]}]},{"rolls":1,"entries":[{"type":"minecraft:item","name":"minecraft:elder_guardian_spawn_egg","weight":1,"functions":[{"function":"minecraft:set_count","count":1}]}]},{"rolls":1,"entries":[{"type":"minecraft:item","name":"minecraft:trident","weight":1,"functions":[{"function":"minecraft:set_count","count":1}]}]}]}